entity,year,births_attended_by_skilled_health_staff
Afghanistan,2000,12.39999962
Afghanistan,2003,14.30000019
Afghanistan,2006,18.89999962
Afghanistan,2008,24
Afghanistan,2010,34.29999924
Afghanistan,2011,38.59999847
Afghanistan,2012,39.90000153
Afghanistan,2014,45.20000076
Afghanistan,2015,50.5
Afghanistan,2017,53.40000153
Afghanistan,2018,58.79999924
Albania,1989,92.69999695
Albania,1990,93
Albania,1991,92.59999847
Albania,1992,86.40000153
Albania,1993,87.19999695
Albania,1994,89.09999847
Albania,1995,89.09999847
Albania,1996,91.19999695
Albania,1997,98.80000305
Albania,1998,99.09999847
Albania,1999,99
Albania,2000,99.09999847
Albania,2001,99
Albania,2002,98
Albania,2003,98.80000305
Albania,2004,99.30000305
Albania,2005,99.80000305
Albania,2006,99
Albania,2009,99.30000305
Albania,2018,99.80000305
Algeria,1992,76.5
Algeria,2000,92
Algeria,2002,95.90000153
Algeria,2006,95.19999695
Algeria,2013,96.59999847
American Samoa,2002,100
Andorra,2015,100
Andorra,2016,100
Andorra,2017,100
Angola,1996,22.5
Angola,2001,44.70000076
Angola,2007,47.29999924
Angola,2016,46.59999847
Antigua and Barbuda,1995,100
Antigua and Barbuda,1996,100
Antigua and Barbuda,1998,100
Antigua and Barbuda,2000,99.90000153
Antigua and Barbuda,2001,100
Antigua and Barbuda,2002,99
Antigua and Barbuda,2003,99
Antigua and Barbuda,2004,100
Antigua and Barbuda,2005,99.90000153
Antigua and Barbuda,2006,99.90000153
Antigua and Barbuda,2007,100
Antigua and Barbuda,2008,100
Antigua and Barbuda,2009,100
Antigua and Barbuda,2010,100
Antigua and Barbuda,2012,100
Antigua and Barbuda,2013,100
Antigua and Barbuda,2014,100
Antigua and Barbuda,2015,100
Antigua and Barbuda,2017,100
Argentina,1990,96.90000153
Argentina,1992,95.80000305
Argentina,1995,98.5
Argentina,1997,97.19999695
Argentina,1998,97.5
Argentina,1999,97.5
Argentina,2000,99.09999847
Argentina,2001,98.40000153
Argentina,2002,98.90000153
Argentina,2003,98.69999695
Argentina,2004,99.09999847
Argentina,2005,99.09999847
Argentina,2006,99.40000153
Argentina,2007,99.40000153
Argentina,2008,94.80000305
Argentina,2009,97.90000153
Argentina,2010,95
Argentina,2011,97.09999847
Argentina,2012,98.19999695
Argentina,2013,97
Argentina,2014,99.59999847
Argentina,2015,99.59999847
Argentina,2016,98.40000153
Argentina,2017,93.90000153
Armenia,1989,99.69999695
Armenia,1990,99.69999695
Armenia,1991,99.69999695
Armenia,1992,98.30000305
Armenia,1993,95.5
Armenia,1994,93.30000305
Armenia,1995,93.09999847
Armenia,1996,95.69999695
Armenia,1997,96.40000153
Armenia,1998,97.40000153
Armenia,1999,98.80000305
Armenia,2000,96.80000305
Armenia,2001,98.40000153
Armenia,2002,98.80000305
Armenia,2003,99.19999695
Armenia,2004,99.5
Armenia,2005,97.80000305
Armenia,2006,99.69999695
Armenia,2007,99.90000153
Armenia,2008,99.90000153
Armenia,2009,100
Armenia,2010,99.5
Armenia,2011,100
Armenia,2012,100
Armenia,2013,100
Armenia,2014,100
Armenia,2016,99.80000305
Aruba,2002,96
Australia,1991,99.59999847
Australia,1992,99.30000305
Australia,1993,99.30000305
Australia,1994,99.40000153
Australia,1995,99.30000305
Australia,1996,99.30000305
Australia,1997,99.30000305
Australia,1998,99.30000305
Australia,1999,99.30000305
Australia,2000,99.30000305
Australia,2001,99.30000305
Australia,2002,99.30000305
Australia,2003,99.30000305
Australia,2004,99.30000305
Australia,2005,99.40000153
Australia,2006,99.30000305
Australia,2007,99.19999695
Australia,2008,99.09999847
Australia,2009,99.09999847
Australia,2010,99.09999847
Australia,2011,99.09999847
Australia,2012,99.19999695
Australia,2013,99.30000305
Australia,2014,99.69999695
Australia,2015,99.69999695
Australia,2016,97
Australia,2017,96.69999695
Austria,1993,100
Austria,1996,98.19999695
Austria,1997,98.19999695
Austria,1998,98.30000305
Austria,1999,98.30000305
Austria,2000,98.30000305
Austria,2001,98.30000305
Austria,2002,98.40000153
Austria,2003,98.40000153
Austria,2004,98.40000153
Austria,2005,98.59999847
Austria,2006,98.59999847
Austria,2007,98.5
Austria,2008,98.59999847
Austria,2009,98.59999847
Austria,2010,98.5
Austria,2011,98.59999847
Austria,2012,98.5
Austria,2013,98.5
Austria,2014,98.5
Austria,2015,98.5
Austria,2016,98.40000153
Austria,2017,98.40000153
Austria,2018,98.40000153
Azerbaijan,1989,97.30000305
Azerbaijan,1990,97.30000305
Azerbaijan,1991,97.19999695
Azerbaijan,1992,96.5
Azerbaijan,1993,96.30000305
Azerbaijan,1994,99.59999847
Azerbaijan,1995,91.5
Azerbaijan,1996,87.90000153
Azerbaijan,1997,90.40000153
Azerbaijan,1998,91.5
Azerbaijan,1999,92.40000153
Azerbaijan,2000,80.69999695
Azerbaijan,2001,88
Azerbaijan,2002,94
Azerbaijan,2003,95.80000305
Azerbaijan,2004,95.90000153
Azerbaijan,2005,94.40000153
Azerbaijan,2006,88.59999847
Azerbaijan,2007,93
Azerbaijan,2008,98
Azerbaijan,2009,99.80000305
Azerbaijan,2010,99.40000153
Azerbaijan,2011,97.19999695
Azerbaijan,2012,99.80000305
Azerbaijan,2013,99.90000153
Azerbaijan,2014,99.90000153
Azerbaijan,2015,99.80000305
Azerbaijan,2016,99.80000305
Azerbaijan,2017,99.80000305
Azerbaijan,2018,99.38999939
Bahamas,1990,99
Bahamas,1995,99
Bahamas,1997,99
Bahamas,1998,99
Bahamas,1999,99
Bahamas,2000,99
Bahamas,2002,99
Bahamas,2003,99
Bahamas,2004,98
Bahamas,2006,99
Bahamas,2007,99
Bahamas,2008,99
Bahamas,2010,99
Bahamas,2011,99
Bahamas,2013,98
Bahamas,2014,99.90000153
Bahamas,2015,98
Bahamas,2016,99
Bahrain,1995,97.59999847
Bahrain,2000,97.69999695
Bahrain,2001,97.5
Bahrain,2002,97.59999847
Bahrain,2003,97.80000305
Bahrain,2004,97.69999695
Bahrain,2005,97.5
Bahrain,2006,97.5
Bahrain,2007,97.40000153
Bahrain,2008,97.5
Bahrain,2009,99.40000153
Bahrain,2010,99.30000305
Bahrain,2011,99.59999847
Bahrain,2012,99.80000305
Bahrain,2013,99.80000305
Bahrain,2014,99.80000305
Bahrain,2015,99.90000153
Bahrain,2016,99.69999695
Bahrain,2017,99.90000153
Bangladesh,1994,9.5
Bangladesh,1997,8
Bangladesh,2000,12.10000038
Bangladesh,2001,12
Bangladesh,2003,13.89999962
Bangladesh,2004,13.19999981
Bangladesh,2006,20.10000038
Bangladesh,2007,18
Bangladesh,2009,24.39999962
Bangladesh,2010,26.5
Bangladesh,2011,31.70000076
Bangladesh,2013,36.5
Bangladesh,2014,42.09999847
Bangladesh,2016,49.79999924
Bangladesh,2017,67.80000305
Bangladesh,2018,52.70000076
Barbados,1995,100
Barbados,1999,91
Barbados,2000,98
Barbados,2002,100
Barbados,2003,100
Barbados,2004,100
Barbados,2005,100
Barbados,2006,100
Barbados,2007,100
Barbados,2008,100
Barbados,2011,100
Barbados,2012,98.90000153
Barbados,2013,98.59999847
Barbados,2014,99.80000305
Barbados,2015,99
Barbados,2016,99.09999847
Belarus,1986,100
Belarus,1989,99.90000153
Belarus,1990,99.90000153
Belarus,1991,99.90000153
Belarus,1992,99.90000153
Belarus,1993,99.90000153
Belarus,1994,99.90000153
Belarus,1995,99.90000153
Belarus,1996,99.90000153
Belarus,1997,99.90000153
Belarus,1998,99.90000153
Belarus,1999,99.90000153
Belarus,2000,99.90000153
Belarus,2001,99.90000153
Belarus,2002,99.90000153
Belarus,2003,99.90000153
Belarus,2004,99.90000153
Belarus,2005,100
Belarus,2006,99.90000153
Belarus,2007,99.90000153
Belarus,2008,99.90000153
Belarus,2009,99.90000153
Belarus,2010,99.90000153
Belarus,2011,99.80000305
Belarus,2012,100
Belarus,2013,99.80000305
Belarus,2014,99.80000305
Belgium,1987,100
Belgium,1999,99.30000305
Belize,1991,76.90000153
Belize,1995,79
Belize,1998,79
Belize,1999,83.80000305
Belize,2000,100
Belize,2002,97
Belize,2004,87.80000305
Belize,2005,89.30000305
Belize,2006,95.80000305
Belize,2007,90.69999695
Belize,2008,94.90000153
Belize,2009,93.5
Belize,2010,94
Belize,2011,96.19999695
Belize,2013,94.19999695
Belize,2015,89
Belize,2016,96.80000305
Belize,2017,94
Benin,1996,59.79999924
Benin,2001,65.5
Benin,2005,75
Benin,2006,74
Benin,2012,80.90000153
Benin,2014,77.19999695
Benin,2018,78.09999847
Bhutan,1994,12
Bhutan,2000,27.29999924
Bhutan,2003,56.09999847
Bhutan,2005,52.29999924
Bhutan,2006,57.09999847
Bhutan,2007,71.40000153
Bhutan,2008,66.30000305
Bhutan,2009,66
Bhutan,2010,64.5
Bhutan,2011,70
Bhutan,2012,81
Bhutan,2013,89
Bhutan,2014,89
Bhutan,2015,89
Bhutan,2016,89
Bhutan,2017,97.19999695
Bhutan,2018,96.19999695
Bolivia,1989,42.09999847
Bolivia,1994,47.20000076
Bolivia,1998,59.29999924
Bolivia,2000,67.30000305
Bolivia,2002,65.09999847
Bolivia,2003,60.79999924
Bolivia,2004,60.79999924
Bolivia,2008,71.09999847
Bolivia,2011,84
Bolivia,2012,84.80000305
Bolivia,2013,73.5
Bolivia,2015,72.80000305
Bolivia,2016,89.80000305
Bolivia,2017,99.5
Bolivia,2018,71.5
Bosnia and Herzegovina,1989,96.59999847
Bosnia and Herzegovina,1990,97
Bosnia and Herzegovina,1991,97.40000153
Bosnia and Herzegovina,1996,98.90000153
Bosnia and Herzegovina,1997,98.69999695
Bosnia and Herzegovina,1998,99.30000305
Bosnia and Herzegovina,1999,99.59999847
Bosnia and Herzegovina,2000,98.90000153
Bosnia and Herzegovina,2001,99.90000153
Bosnia and Herzegovina,2002,99.90000153
Bosnia and Herzegovina,2003,99.90000153
Bosnia and Herzegovina,2004,99.90000153
Bosnia and Herzegovina,2005,99.90000153
Bosnia and Herzegovina,2006,99.40000153
Bosnia and Herzegovina,2007,99.90000153
Bosnia and Herzegovina,2008,99.90000153
Bosnia and Herzegovina,2009,99.90000153
Bosnia and Herzegovina,2010,99.90000153
Bosnia and Herzegovina,2011,99.90000153
Bosnia and Herzegovina,2012,99.90000153
Bosnia and Herzegovina,2014,99.90000153
Bosnia and Herzegovina,2015,99.90000153
Bosnia and Herzegovina,2016,99.90000153
Bosnia and Herzegovina,2017,99.90000153
Bosnia and Herzegovina,2018,99.90000153
Botswana,1988,77.40000153
Botswana,1996,87
Botswana,2000,98.5
Botswana,2001,92
Botswana,2002,96.5
Botswana,2003,96.09999847
Botswana,2004,97.30000305
Botswana,2005,94
Botswana,2006,99.30000305
Botswana,2007,94.59999847
Botswana,2008,98.30000305
Botswana,2009,99.5
Botswana,2010,99.09999847
Botswana,2011,99.80000305
Botswana,2012,99.80000305
Botswana,2013,99.90000153
Botswana,2014,99.5
Botswana,2015,99.69999695
Botswana,2016,99.69999695
Botswana,2017,99.80000305
Brazil,1991,69.5
Brazil,1996,87.59999847
Brazil,1997,98.59999847
Brazil,1998,98.59999847
Brazil,1999,98.59999847
Brazil,2000,98.59999847
Brazil,2001,98.30000305
Brazil,2002,98.5
Brazil,2003,98.40000153
Brazil,2004,98.59999847
Brazil,2005,98.59999847
Brazil,2006,97
Brazil,2007,98.59999847
Brazil,2008,98.80000305
Brazil,2009,98.90000153
Brazil,2010,98.90000153
Brazil,2011,99
Brazil,2012,99
Brazil,2013,99.09999847
Brazil,2014,99.09999847
Brazil,2015,99.09999847
Brazil,2016,99.09999847
Brazil,2017,99.09999847
British Virgin Islands,1995,100
British Virgin Islands,1999,100
British Virgin Islands,2005,100
Brunei,1991,97.80000305
Brunei,1992,98
Brunei,1993,97.80000305
Brunei,1994,98.19999695
Brunei,1995,96.19999695
Brunei,1996,98.90000153
Brunei,1997,99.59999847
Brunei,1998,99.30000305
Brunei,1999,99.40000153
Brunei,2000,99.19999695
Brunei,2001,99.69999695
Brunei,2002,99.40000153
Brunei,2003,99.40000153
Brunei,2004,99.40000153
Brunei,2005,99.59999847
Brunei,2006,99.59999847
Brunei,2007,99.90000153
Brunei,2008,99.69999695
Brunei,2009,99.80000305
Brunei,2010,99.80000305
Brunei,2011,99.59999847
Brunei,2012,99.80000305
Brunei,2013,99.69999695
Brunei,2014,99.90000153
Brunei,2015,100
Brunei,2016,100
Brunei,2017,99.80000305
Bulgaria,1989,99.30000305
Bulgaria,1990,99.09999847
Bulgaria,1991,99.5
Bulgaria,1992,99.80000305
Bulgaria,1993,99
Bulgaria,1994,99
Bulgaria,1995,98.90000153
Bulgaria,1996,99.90000153
Bulgaria,1997,99.90000153
Bulgaria,1998,99.88002777
Bulgaria,1999,99
Bulgaria,2000,99.80000305
Bulgaria,2001,98.90000153
Bulgaria,2002,99.19999695
Bulgaria,2003,99.19999695
Bulgaria,2004,99.40000153
Bulgaria,2005,99.40000153
Bulgaria,2006,99.40000153
Bulgaria,2007,99.59999847
Bulgaria,2008,99.59999847
Bulgaria,2009,99.59999847
Bulgaria,2010,99.5
Bulgaria,2013,99.69999695
Bulgaria,2014,99.69999695
Bulgaria,2015,99.80000305
Burkina Faso,1993,41.5
Burkina Faso,1999,31
Burkina Faso,2003,37.79999924
Burkina Faso,2006,53.5
Burkina Faso,2010,65.90000153
Burkina Faso,2015,79.80000305
Burundi,1987,19.10000038
Burundi,2000,25.20000076
Burundi,2005,31.79999924
Burundi,2010,60.29999924
Burundi,2012,78.40000153
Burundi,2017,85.09999847
Cambodia,1995,43.29999924
Cambodia,1998,34
Cambodia,2000,31.79999924
Cambodia,2004,16.29999924
Cambodia,2005,43.79999924
Cambodia,2006,43.79999924
Cambodia,2010,71
Cambodia,2011,71.69999695
Cambodia,2012,74
Cambodia,2014,89
Cameroon,1991,58.40000153
Cameroon,1998,55
Cameroon,2000,56
Cameroon,2004,58.90000153
Cameroon,2006,58.90000153
Cameroon,2011,56.09999847
Cameroon,2014,64.69999695
Cameroon,2018,69
Canada,1987,100
Canada,1991,99.09999847
Canada,1992,99.59999847
Canada,1993,99.40000153
Canada,1994,99.30000305
Canada,1995,99.40000153
Canada,1996,99.19999695
Canada,1997,99.30000305
Canada,1998,99.30000305
Canada,1999,99.19999695
Canada,2000,99.30000305
Canada,2001,99.30000305
Canada,2002,99.30000305
Canada,2003,98.90000153
Canada,2004,99
Canada,2005,98.80000305
Canada,2006,98.80000305
Canada,2007,98.80000305
Canada,2008,98.69999695
Canada,2009,98.59999847
Canada,2010,98.5
Canada,2011,98.40000153
Canada,2012,98.09999847
Canada,2013,98
Canada,2014,97.90000153
Canada,2015,97.90000153
Canada,2016,97.80000305
Canada,2017,97.90000153
Canada,2018,98
Cape Verde,1995,54
Cape Verde,1998,88.5
Cape Verde,2005,77.5
Cape Verde,2006,76.40000153
Cape Verde,2007,74.40000153
Cape Verde,2008,74.59999847
Cape Verde,2009,75.59999847
Cape Verde,2010,98.5
Cape Verde,2011,98.69999695
Cape Verde,2013,92.30000305
Cape Verde,2014,95.59999847
Cape Verde,2015,91.40000153
Cape Verde,2016,92.59999847
Cape Verde,2017,92.40000153
Cayman Islands,2005,100
Central African Republic,1995,45.90000153
Central African Republic,2000,31.70000076
Central African Republic,2006,41.40000153
Central African Republic,2008,43.70000076
Central African Republic,2009,43.70000076
Central African Republic,2010,40
Chad,1997,15
Chad,2000,13.69999981
Chad,2004,14.39999962
Chad,2010,16.60000038
Chad,2015,24.29999924
Chile,1993,99
Chile,1994,99.5
Chile,1995,99.5
Chile,1996,99.59999847
Chile,1997,99.40000153
Chile,1998,99.59999847
Chile,1999,99.40000153
Chile,2000,99
Chile,2001,99.80000305
Chile,2002,99.80000305
Chile,2003,97.69999695
Chile,2004,99.80000305
Chile,2005,99.80000305
Chile,2006,99.80000305
Chile,2007,99.69999695
Chile,2008,99.80000305
Chile,2009,99.80000305
Chile,2010,99.80000305
Chile,2011,99.80000305
Chile,2012,99.80000305
Chile,2013,99.80000305
Chile,2014,99.80000305
Chile,2015,99.69999695
Chile,2016,99.69999695
Chile,2017,99.80000305
China,1990,94
China,1991,93.69999695
China,1992,84.09999847
China,1993,83.59999847
China,1994,90.40000153
China,1995,89.30000305
China,1996,93.09999847
China,1997,93.80000305
China,1999,96.80000305
China,2000,96.59999847
China,2001,97.30000305
China,2002,96.69999695
China,2003,95.90000153
China,2004,97.30000305
China,2005,97.5
China,2006,97.80000305
China,2007,98.40000153
China,2008,99.09999847
China,2009,99.30000305
China,2010,99.59999847
China,2011,99.69999695
China,2012,99.80000305
China,2013,99.90000153
China,2014,99.90000153
China,2015,99.90000153
China,2016,99.90000153
Colombia,1986,71.09999847
Colombia,1990,80.59999847
Colombia,1995,83.59999847
Colombia,1998,91.30000305
Colombia,1999,92.09999847
Colombia,2000,86.09999847
Colombia,2001,93.09999847
Colombia,2002,94.5
Colombia,2003,95
Colombia,2004,95.59999847
Colombia,2005,90.69999695
Colombia,2006,97.09999847
Colombia,2007,97.80000305
Colombia,2008,98.09999847
Colombia,2009,98.59999847
Colombia,2010,94.80000305
Colombia,2011,99.19999695
Colombia,2012,98.69999695
Colombia,2013,98.69999695
Colombia,2014,98.90000153
Colombia,2015,95.90000153
Colombia,2016,95.5
Colombia,2017,99.30000305
Colombia,2018,98.40000153
Colombia,2019,99.09999847
Comoros,1996,51.59999847
Comoros,2000,61.79999924
Comoros,2012,82.19999695
Congo,2005,83.40000153
Congo,2012,92.5
Congo,2015,91.19999695
Costa Rica,1986,97
Costa Rica,1992,98
Costa Rica,1993,97
Costa Rica,1998,98
Costa Rica,1999,98.19999695
Costa Rica,2000,96.59999847
Costa Rica,2001,98
Costa Rica,2002,98.5
Costa Rica,2003,98.19999695
Costa Rica,2004,98.5
Costa Rica,2005,98.5
Costa Rica,2006,98.59999847
Costa Rica,2007,98.69999695
Costa Rica,2008,99.09999847
Costa Rica,2009,99.09999847
Costa Rica,2010,95.30000305
Costa Rica,2011,98.40000153
Costa Rica,2012,98.90000153
Costa Rica,2013,99
Costa Rica,2014,99.19999695
Costa Rica,2015,90
Costa Rica,2016,98.80000305
Costa Rica,2017,98.69999695
Costa Rica,2018,99
Cote d'Ivoire,1994,45.40000153
Cote d'Ivoire,1999,47.09999847
Cote d'Ivoire,2000,62.79999924
Cote d'Ivoire,2004,68
Cote d'Ivoire,2005,55.09999847
Cote d'Ivoire,2006,56.79999924
Cote d'Ivoire,2012,59.40000153
Cote d'Ivoire,2016,73.59999847
Croatia,1989,99.69999695
Croatia,1990,99.80000305
Croatia,1991,99.80000305
Croatia,1992,99.80000305
Croatia,1993,99.80000305
Croatia,1994,99.80000305
Croatia,1995,99.90000153
Croatia,1996,99.80000305
Croatia,1997,99.90000153
Croatia,1998,99.90000153
Croatia,1999,99.90000153
Croatia,2000,99.90000153
Croatia,2001,99.90000153
Croatia,2002,99.90000153
Croatia,2003,99.90000153
Croatia,2004,99.90000153
Croatia,2005,99.90000153
Croatia,2006,99.90000153
Croatia,2007,99.90000153
Croatia,2008,99.90000153
Croatia,2009,99.90000153
Croatia,2010,99.90000153
Croatia,2011,99.90000153
Croatia,2012,99.90000153
Croatia,2013,99.90000153
Croatia,2014,99.90000153
Croatia,2015,99.90000153
Croatia,2016,99.90000153
Croatia,2017,99.90000153
Cuba,1990,99.80000305
Cuba,1991,99.80000305
Cuba,1992,99.80000305
Cuba,1993,99.80000305
Cuba,1994,99.80000305
Cuba,1995,99.80000305
Cuba,1996,99.80000305
Cuba,1997,99.90000153
Cuba,1998,99.90000153
Cuba,1999,99.90000153
Cuba,2000,99.90000153
Cuba,2001,99.90000153
Cuba,2002,99.90000153
Cuba,2003,99.90000153
Cuba,2004,99.90000153
Cuba,2005,99.90000153
Cuba,2006,99.90000153
Cuba,2007,99.90000153
Cuba,2008,99.90000153
Cuba,2009,99.90000153
Cuba,2010,99.90000153
Cuba,2011,99.90000153
Cuba,2012,99.90000153
Cuba,2013,99.90000153
Cuba,2014,99.40000153
Cuba,2015,99.90000153
Cuba,2016,99.90000153
Cuba,2017,99.90000153
Cuba,2018,99.90000153
Cyprus,1990,100
Cyprus,1991,100
Cyprus,1992,100
Cyprus,1993,100
Cyprus,1994,100
Cyprus,1995,100
Cyprus,1996,100
Cyprus,1997,100
Cyprus,1998,100
Cyprus,1999,100
Cyprus,2000,97.90000153
Cyprus,2003,99
Cyprus,2004,95.69999695
Cyprus,2005,99.30000305
Cyprus,2006,98.5
Cyprus,2007,98.30000305
Cyprus,2008,97.19999695
Cyprus,2009,98.30000305
Cyprus,2010,98.59999847
Cyprus,2011,98.30000305
Cyprus,2012,98.69999695
Cyprus,2013,99.90000153
Cyprus,2014,97.40000153
Cyprus,2015,97.09999847
Cyprus,2016,95.59999847
Cyprus,2017,96
Cyprus,2018,98.30000305
Czechia,1989,100
Czechia,1990,100
Czechia,1991,100
Czechia,1992,100
Czechia,1993,100
Czechia,1994,100
Czechia,1995,100
Czechia,1996,100
Czechia,1997,100
Czechia,1998,99.90000153
Czechia,1999,99.90000153
Czechia,2000,99.80000305
Czechia,2001,99.80000305
Czechia,2002,99.80000305
Czechia,2003,99.80000305
Czechia,2004,99.80000305
Czechia,2005,99.80000305
Czechia,2006,99.69999695
Czechia,2007,99.69999695
Czechia,2008,99.59999847
Czechia,2009,99.59999847
Czechia,2010,99.69999695
Czechia,2011,99.90000153
Czechia,2012,99.90000153
Czechia,2013,99.80000305
Czechia,2014,99.80000305
Czechia,2017,99.80000305
Democratic Republic of Congo,2001,60.70000076
Democratic Republic of Congo,2007,64.40000153
Democratic Republic of Congo,2010,74.09999847
Democratic Republic of Congo,2014,80.09999847
Denmark,1987,100
Denmark,1997,98.30000305
Denmark,1998,98.80000305
Denmark,1999,98.69999695
Denmark,2000,98.80000305
Denmark,2001,98.90000153
Denmark,2002,98.80000305
Denmark,2003,98.90000153
Denmark,2004,98.59999847
Denmark,2005,98.80000305
Denmark,2006,98.69999695
Denmark,2007,97.80000305
Denmark,2009,98.69999695
Denmark,2010,98.5
Denmark,2011,98.5
Denmark,2012,98.19999695
Denmark,2013,96.30000305
Denmark,2014,95.90000153
Denmark,2015,95.40000153
Denmark,2016,94.40000153
Denmark,2017,94.69999695
Denmark,2018,95.30000305
Djibouti,2003,60.59999847
Djibouti,2006,78.40000153
Djibouti,2012,87.40000153
Dominica,1995,100
Dominica,1998,95
Dominica,1999,99.90000153
Dominica,2000,100
Dominica,2001,100
Dominica,2002,100
Dominica,2003,100
Dominica,2004,100
Dominica,2005,99
Dominica,2007,94
Dominica,2008,100
Dominica,2009,100
Dominica,2010,100
Dominica,2011,100
Dominica,2012,100
Dominica,2013,100
Dominica,2014,100
Dominica,2015,100
Dominica,2016,100
Dominica,2017,100
Dominican Republic,1986,89.80000305
Dominican Republic,1991,92.40000153
Dominican Republic,1996,95.5
Dominican Republic,1999,96.59999847
Dominican Republic,2000,97.59999847
Dominican Republic,2002,97.80000305
Dominican Republic,2006,95.5
Dominican Republic,2007,97.80000305
Dominican Republic,2010,97.80000305
Dominican Republic,2011,98.69999695
Dominican Republic,2012,98.80000305
Dominican Republic,2013,98.59999847
Dominican Republic,2014,97.69999695
Dominican Republic,2015,99.59999847
Dominican Republic,2016,99.80000305
East Asia and Pacific,1990,84.95689392
East Asia and Pacific,2000,85.23336792
East Asia and Pacific,2010,92.39923096
East Asia and Pacific,2018,95.40678406
Ecuador,1987,61.29999924
Ecuador,1994,98.69999695
Ecuador,1999,99.09999847
Ecuador,2004,98.19999695
Ecuador,2005,78.5
Ecuador,2006,80.59999847
Ecuador,2007,82
Ecuador,2008,84
Ecuador,2009,85.59999847
Ecuador,2010,87.40000153
Ecuador,2011,89.69999695
Ecuador,2012,91.69999695
Ecuador,2013,93.30000305
Ecuador,2014,94.69999695
Ecuador,2015,94.19999695
Ecuador,2016,95.90000153
Ecuador,2017,96.40000153
Ecuador,2018,96
Egypt,1988,34.59999847
Egypt,1991,36.5
Egypt,1992,40.70000076
Egypt,1993,40.70000076
Egypt,1995,46.29999924
Egypt,1996,46.29999924
Egypt,1997,56.40000153
Egypt,1998,55.20000076
Egypt,2000,60.90000153
Egypt,2003,69.40000153
Egypt,2005,74.19999695
Egypt,2008,78.90000153
Egypt,2014,91.5
El Salvador,1985,85.40000153
El Salvador,1988,90
El Salvador,1993,87.40000153
El Salvador,1998,90.40000153
El Salvador,2003,92.40000153
El Salvador,2005,87.19999695
El Salvador,2006,89.59999847
El Salvador,2007,93.09999847
El Salvador,2008,95.5
El Salvador,2009,97.5
El Salvador,2010,98
El Salvador,2011,99
El Salvador,2012,99.5
El Salvador,2013,99.80000305
El Salvador,2014,98
El Salvador,2015,99.90000153
El Salvador,2016,99.90000153
El Salvador,2017,99.90000153
El Salvador,2018,99.90000153
Equatorial Guinea,1994,5
Equatorial Guinea,2000,64.59999847
Equatorial Guinea,2011,68.30000305
Eritrea,1995,20.60000038
Eritrea,1996,20.60000038
Eritrea,2002,28.29999924
Eritrea,2010,34.09999847
Estonia,1989,99
Estonia,1992,98.90000153
Estonia,1993,99.09999847
Estonia,1994,99.09999847
Estonia,1995,99.30000305
Estonia,1996,99.40000153
Estonia,1997,99.30000305
Estonia,1998,99.5
Estonia,1999,99.5
Estonia,2000,99.5
Estonia,2001,99.59999847
Estonia,2002,99.5
Estonia,2003,99.40000153
Estonia,2004,99.69999695
Estonia,2005,99.59999847
Estonia,2006,99.5
Estonia,2007,99.40000153
Estonia,2008,99.30000305
Estonia,2009,99.19999695
Estonia,2010,99.30000305
Estonia,2011,99.40000153
Estonia,2012,99.30000305
Estonia,2013,99.40000153
Estonia,2014,99.40000153
Estonia,2015,99.5
Estonia,2016,99.40000153
Estonia,2017,99.19999695
Estonia,2018,99.09999847
Eswatini,1994,56
Eswatini,2000,65.40000153
Eswatini,2002,74
Eswatini,2007,69
Eswatini,2010,82
Eswatini,2014,88.30000305
Ethiopia,1998,6.5
Ethiopia,2000,5.599999905
Ethiopia,2004,6.400000095
Ethiopia,2005,5.699999809
Ethiopia,2011,10
Ethiopia,2013,23.10000038
Ethiopia,2014,15.5
Ethiopia,2016,27.70000076
Europe and Central Asia,2000,95.45022583
Europe and Central Asia,2010,98.40078735
Europe and Central Asia,2018,99.01811218
European Union,2000,99.36640167
European Union,2010,98.90596008
European Union,2018,98.87499237
Fiji,1990,95.30000305
Fiji,1991,94.5
Fiji,1993,97.59999847
Fiji,1994,96.19999695
Fiji,1995,96.19999695
Fiji,1996,96.30000305
Fiji,1997,96.19999695
Fiji,1998,96.69999695
Fiji,1999,96.40000153
Fiji,2000,96.90000153
Fiji,2001,98.40000153
Fiji,2002,96.90000153
Fiji,2003,96.69999695
Fiji,2004,97
Fiji,2005,97.19999695
Fiji,2006,99.30000305
Fiji,2007,99
Fiji,2008,98.80000305
Fiji,2009,99.80000305
Fiji,2010,99.69999695
Fiji,2011,99.59999847
Fiji,2012,99.30000305
Fiji,2013,99.69999695
Fiji,2014,99.69999695
Fiji,2015,99.90000153
Fiji,2016,99.80000305
Finland,1990,98.80000305
Finland,1992,98.59999847
Finland,1993,98.59999847
Finland,1994,98.5
Finland,1995,98.5
Finland,1996,98.40000153
Finland,1997,98.40000153
Finland,1998,98.30000305
Finland,1999,98.40000153
Finland,2000,98.40000153
Finland,2001,98.5
Finland,2002,99.80000305
Finland,2003,99.80000305
Finland,2004,99.80000305
Finland,2005,99.80000305
Finland,2006,99.80000305
Finland,2007,99.80000305
Finland,2008,99.80000305
Finland,2009,99.80000305
Finland,2010,99.80000305
Finland,2011,99.69999695
Finland,2012,99.80000305
Finland,2014,99.69999695
Finland,2015,99.90000153
Finland,2016,99.90000153
Finland,2017,99.90000153
Finland,2018,100
France,1993,99
France,2001,99.59999847
France,2004,98
France,2005,97.90000153
France,2006,98.30000305
France,2007,98.09999847
France,2008,98
France,2009,97.90000153
France,2010,97.5
France,2011,96.19999695
France,2012,97.09999847
France,2013,98.30000305
France,2014,98.30000305
France,2015,97.69999695
France,2016,97.40000153
France,2017,98
France,2018,98.09999847
French Polynesia,2000,99
Gabon,2000,85.5
Gabon,2001,85.5
Gabon,2012,89.30000305
Gambia,1990,44.09999847
Gambia,2000,51.59999847
Gambia,2006,52.09999847
Gambia,2010,56.09999847
Gambia,2013,57.20000076
Gambia,2018,82.69999695
Georgia,1989,94.59999847
Georgia,1990,96.59999847
Georgia,1991,91.30000305
Georgia,1992,91.09999847
Georgia,1993,90.80000305
Georgia,1998,96
Georgia,1999,96.40000153
Georgia,2000,95.5
Georgia,2001,96.59999847
Georgia,2002,97.40000153
Georgia,2003,97.19999695
Georgia,2004,97.5
Georgia,2005,98.30000305
Georgia,2006,98.80000305
Georgia,2007,99.40000153
Georgia,2008,99.59999847
Georgia,2009,99.69999695
Georgia,2010,99.59999847
Georgia,2011,99.80000305
Georgia,2012,99.80000305
Georgia,2013,99.90000153
Georgia,2014,99.90000153
Georgia,2015,99.90000153
Georgia,2016,99.90000153
Georgia,2018,99.40000153
Germany,1986,100
Germany,1999,98.69999695
Germany,2000,98.59999847
Germany,2001,98.59999847
Germany,2002,98.59999847
Germany,2003,98.59999847
Germany,2004,98.19999695
Germany,2005,98.19999695
Germany,2006,98.40000153
Germany,2007,98.40000153
Germany,2008,98.5
Germany,2009,98.30000305
Germany,2010,98.40000153
Germany,2011,98.40000153
Germany,2012,98.5
Germany,2013,98.5
Germany,2014,98.59999847
Germany,2015,98.80000305
Germany,2016,97.80000305
Germany,2017,98.80000305
Ghana,1988,40.09999847
Ghana,1993,43.79999924
Ghana,1994,43.79999924
Ghana,1998,44.29999924
Ghana,1999,44.29999924
Ghana,2003,47.09999847
Ghana,2006,49.70000076
Ghana,2007,55.20000076
Ghana,2008,54.70000076
Ghana,2011,67.19999695
Ghana,2014,70.80000305
Ghana,2017,78.09999847
Greece,1980,99.29000092
Greece,1981,99.37000275
Greece,1982,99.44999695
Greece,1983,99.51000214
Greece,1984,99.59999847
Greece,1985,99.69999695
Greece,1986,99.70999908
Greece,1987,99.69000244
Greece,1988,99.73000336
Greece,1989,99.76999664
Greece,1990,99.81999969
Greece,1991,99.77999878
Greece,1992,99.77999878
Greece,1993,99.80999756
Greece,1994,99.87000275
Greece,1995,99.87999725
Greece,1996,99.86000061
Greece,1997,99.88999939
Greece,1998,99.90000153
Greece,1999,99.93000031
Greece,2000,99.94000244
Greece,2001,99.94999695
Greece,2002,99.95999908
Greece,2003,99.98000336
Greece,2004,99.97000122
Greece,2005,99.97000122
Greece,2006,99.98999786
Greece,2007,99.98000336
Greece,2008,99.97000122
Greece,2009,99.94999695
Greece,2010,99.95999908
Greece,2011,99.95999908
Greece,2012,99.91000366
Greece,2013,99.91000366
Greece,2014,99.93000031
Greece,2015,99.94000244
Greece,2016,99.94000244
Greece,2017,99.93000031
Greece,2018,99.90000153
Grenada,1995,100
Grenada,1998,99
Grenada,1999,99
Grenada,2000,100
Grenada,2002,100
Grenada,2003,100
Grenada,2005,100
Grenada,2007,98.80000305
Grenada,2009,100
Grenada,2011,100
Grenada,2012,99
Grenada,2013,99
Grenada,2014,99
Grenada,2015,99
Grenada,2016,99.30000305
Grenada,2017,100
Guam,2001,99.40000153
Guatemala,1984,35
Guatemala,1987,29.10000038
Guatemala,1995,34.79999924
Guatemala,1999,40.59999847
Guatemala,2002,41.40000153
Guatemala,2007,31.39999962
Guatemala,2009,51.5
Guatemala,2010,52.29999924
Guatemala,2012,58.70000076
Guatemala,2013,62.79999924
Guatemala,2014,67
Guatemala,2015,65.5
Guatemala,2016,69.80000305
Guinea,1992,30.5
Guinea,1999,34.79999924
Guinea,2003,48.70000076
Guinea,2005,38
Guinea,2007,46.09999847
Guinea,2012,45.29999924
Guinea,2016,62.70000076
Guinea,2018,55.29999924
Guinea-Bissau,1995,25
Guinea-Bissau,2000,31.79999924
Guinea-Bissau,2006,31
Guinea-Bissau,2010,43
Guinea-Bissau,2014,45
Guyana,1995,93
Guyana,1997,95
Guyana,1998,94
Guyana,2000,82.90000153
Guyana,2001,93.80000305
Guyana,2003,94
Guyana,2004,95.90000153
Guyana,2005,96.69999695
Guyana,2006,80.90000153
Guyana,2007,93.30000305
Guyana,2008,96
Guyana,2009,87.40000153
Guyana,2013,98.30000305
Guyana,2014,85.69999695
Guyana,2015,95.80000305
Haiti,1989,23
Haiti,1995,20.60000038
Haiti,2000,23.79999924
Haiti,2006,26.10000038
Haiti,2012,37.29999924
Haiti,2013,48.59999847
Haiti,2017,41.59999847
High income,2000,99.00804138
High income,2010,99.11319733
High income,2018,99.08733368
Honduras,1987,42.09999847
Honduras,1992,46.90000153
Honduras,1996,54.90000153
Honduras,2001,55.70000076
Honduras,2006,66.30000305
Honduras,2012,82.80000305
Honduras,2015,72
Honduras,2016,79
Honduras,2017,74
Hong Kong,2005,100
Hungary,1989,99.40000153
Hungary,1990,99.40000153
Hungary,1991,99.40000153
Hungary,1992,99.5
Hungary,1993,99.40000153
Hungary,1994,99.40000153
Hungary,1995,99.40000153
Hungary,1996,99.5
Hungary,1997,99.5
Hungary,1998,99.5
Hungary,1999,99.5
Hungary,2000,99.5
Hungary,2001,99.59999847
Hungary,2002,99.59999847
Hungary,2003,99.59999847
Hungary,2004,99.59999847
Hungary,2005,99.59999847
Hungary,2006,99.69999695
Hungary,2007,99.59999847
Hungary,2008,99.5
Hungary,2009,99.59999847
Hungary,2010,99.09999847
Hungary,2011,99
Hungary,2012,99
Hungary,2013,99.09999847
Hungary,2014,99.19999695
Hungary,2015,99.59999847
Hungary,2016,99.69999695
Hungary,2017,99.69999695
Iceland,1990,100
Iceland,1991,99.90000153
Iceland,1992,99.80000305
Iceland,1993,99.80000305
Iceland,1994,99.80000305
Iceland,1995,99.80000305
Iceland,1996,99.80000305
Iceland,1997,99.80000305
Iceland,1998,99.90000153
Iceland,1999,99.59999847
Iceland,2000,99.30000305
Iceland,2001,99.5
Iceland,2002,99.40000153
Iceland,2003,99.40000153
Iceland,2004,99.40000153
Iceland,2005,99
Iceland,2006,98.90000153
Iceland,2007,98.90000153
Iceland,2008,98.69999695
Iceland,2009,98.80000305
Iceland,2010,98.19999695
Iceland,2011,97.90000153
Iceland,2012,97.80000305
Iceland,2013,98.09999847
Iceland,2014,97.80000305
Iceland,2015,98.19999695
Iceland,2016,97.90000153
Iceland,2017,98
Iceland,2018,98.19999695
India,1993,34.20000076
India,1999,42.29999924
India,2000,42.5
India,2006,46.59999847
India,2008,52.29999924
India,2014,81.40000153
India,2016,81.40000153
Indonesia,1987,36.29999924
Indonesia,1990,40.70000076
Indonesia,1991,31.70000076
Indonesia,1992,40.70000076
Indonesia,1994,36.5
Indonesia,1995,49.70000076
Indonesia,1997,43.20000076
Indonesia,1998,56
Indonesia,2000,66.90000153
Indonesia,2002,68.40000153
Indonesia,2003,66.30000305
Indonesia,2004,71.5
Indonesia,2007,73
Indonesia,2008,74.86000061
Indonesia,2010,82.19999695
Indonesia,2012,83.09999847
Indonesia,2013,87.40000153
Indonesia,2016,92.59999847
Indonesia,2017,93.25
Indonesia,2018,93.59999847
Indonesia,2019,94.69999695
Iran,1997,86.09999847
Iran,2000,89.59999847
Iran,2005,97.30000305
Iran,2009,97.69999695
Iran,2010,96.40000153
Iran,2011,98.5
Iran,2012,98.80000305
Iran,2013,98.80000305
Iran,2014,99
Iraq,1989,54
Iraq,2000,65.19999695
Iraq,2006,88.5
Iraq,2007,79.69999695
Iraq,2011,90.90000153
Iraq,2012,70.40000153
Iraq,2018,95.59999847
Ireland,1999,99.5
Ireland,2000,99.59999847
Ireland,2001,99.59999847
Ireland,2002,99.5
Ireland,2003,99.59999847
Ireland,2004,99.69999695
Ireland,2005,99.69999695
Ireland,2006,99.69999695
Ireland,2007,99.69999695
Ireland,2008,99.80000305
Ireland,2009,99.80000305
Ireland,2010,99.80000305
Ireland,2011,99.80000305
Ireland,2012,99.80000305
Ireland,2013,99.80000305
Ireland,2014,99.69999695
Ireland,2015,99.69999695
Ireland,2016,99.69999695
Isle of Man,1990,47.74766159
Isle of Man,2000,71.50205231
Isle of Man,2010,81.43067932
Israel,1987,99
Italy,2000,99.80000305
Italy,2002,99.59999847
Italy,2003,99.59999847
Italy,2004,99.80000305
Italy,2005,99.80000305
Italy,2006,99.80000305
Italy,2007,99.59999847
Italy,2008,99.80000305
Italy,2009,99.80000305
Italy,2010,99.90000153
Italy,2011,99.90000153
Italy,2013,99.90000153
Italy,2014,99.90000153
Italy,2015,99.90000153
Italy,2016,99.90000153
Jamaica,1989,92
Jamaica,1993,93.40000153
Jamaica,1996,90
Jamaica,1997,94.59999847
Jamaica,2000,95.90000153
Jamaica,2001,98.5
Jamaica,2002,96.90000153
Jamaica,2003,97.40000153
Jamaica,2005,96.69999695
Jamaica,2006,94.5
Jamaica,2007,93
Jamaica,2008,98.30000305
Jamaica,2009,98.30000305
Jamaica,2010,90.09999847
Jamaica,2011,99.09999847
Jamaica,2015,99.90000153
Jamaica,2016,99.69999695
Japan,1990,99.90000153
Japan,1995,99.90000153
Japan,1996,100
Japan,2000,99.80000305
Japan,2001,99.80000305
Japan,2002,99.80000305
Japan,2003,99.80000305
Japan,2004,99.80000305
Japan,2005,99.80000305
Japan,2006,99.80000305
Japan,2007,99.80000305
Japan,2008,99.80000305
Japan,2009,99.80000305
Japan,2010,99.80000305
Japan,2011,99.80000305
Japan,2012,99.80000305
Japan,2014,99.80000305
Japan,2015,99.90000153
Japan,2016,99.80000305
Japan,2017,99.90000153
Japan,2018,99.90000153
Jordan,1990,87.19999695
Jordan,1997,96.69999695
Jordan,2002,99.5
Jordan,2007,99.09999847
Jordan,2012,99.59999847
Jordan,2018,99.69999695
Kazakhstan,1989,99
Kazakhstan,1990,99
Kazakhstan,1991,98.09999847
Kazakhstan,1992,98.90000153
Kazakhstan,1993,98.59999847
Kazakhstan,1994,98.30000305
Kazakhstan,1995,99.59999847
Kazakhstan,1996,98.09999847
Kazakhstan,1997,97.59999847
Kazakhstan,1998,98
Kazakhstan,1999,99.09999847
Kazakhstan,2000,98.30000305
Kazakhstan,2001,98.5
Kazakhstan,2002,98.90000153
Kazakhstan,2003,99.40000153
Kazakhstan,2004,99.40000153
Kazakhstan,2005,99.40000153
Kazakhstan,2006,99.80000305
Kazakhstan,2007,99.5
Kazakhstan,2008,99.30000305
Kazakhstan,2009,99.40000153
Kazakhstan,2010,99.40000153
Kazakhstan,2011,99.90000153
Kazakhstan,2012,99.98999786
Kazakhstan,2013,99.98999786
Kazakhstan,2014,99.98999786
Kazakhstan,2015,99.40000153
Kazakhstan,2016,99.90000153
Kazakhstan,2017,99.90000153
Kazakhstan,2018,99.90000153
Kenya,1989,50.09999847
Kenya,1993,45.40000153
Kenya,1998,44.29999924
Kenya,2000,42.59999847
Kenya,2003,41.59999847
Kenya,2009,43.79999924
Kenya,2014,61.79999924
Kiribati,1990,60
Kiribati,1994,72
Kiribati,1998,85
Kiribati,2000,85
Kiribati,2002,76
Kiribati,2005,63
Kiribati,2008,65
Kiribati,2009,79.80000305
Kiribati,2010,98.30000305
Kosovo,2014,99
Kuwait,1986,96
Kuwait,1996,98.19999695
Kuwait,2002,100
Kuwait,2004,98.30000305
Kuwait,2005,98.59999847
Kuwait,2006,98.69999695
Kuwait,2007,98.69999695
Kuwait,2008,98.69999695
Kuwait,2009,98.69999695
Kuwait,2010,98.59999847
Kuwait,2011,98.80000305
Kuwait,2012,98.80000305
Kuwait,2013,98.69999695
Kuwait,2014,98.69999695
Kuwait,2015,99.90000153
Kuwait,2016,99.90000153
Kyrgyzstan,1989,98.80000305
Kyrgyzstan,1990,98.90000153
Kyrgyzstan,1991,98.90000153
Kyrgyzstan,1992,98.69999695
Kyrgyzstan,1993,98.30000305
Kyrgyzstan,1994,98.19999695
Kyrgyzstan,1995,98
Kyrgyzstan,1996,98.09999847
Kyrgyzstan,1997,98.09999847
Kyrgyzstan,1998,98.5
Kyrgyzstan,1999,98.5
Kyrgyzstan,2000,98.59999847
Kyrgyzstan,2001,98.69999695
Kyrgyzstan,2002,98.80000305
Kyrgyzstan,2003,98.90000153
Kyrgyzstan,2004,98.19999695
Kyrgyzstan,2005,97.90000153
Kyrgyzstan,2006,97.59999847
Kyrgyzstan,2007,98.40000153
Kyrgyzstan,2008,98.5
Kyrgyzstan,2009,98.5
Kyrgyzstan,2010,98.30000305
Kyrgyzstan,2011,98.59999847
Kyrgyzstan,2012,99.09999847
Kyrgyzstan,2013,99
Kyrgyzstan,2014,98.40000153
Kyrgyzstan,2018,99.80000305
Laos,2000,16.70000076
Laos,2001,19.39999962
Laos,2005,14.60000038
Laos,2006,18.89999962
Laos,2010,37
Laos,2012,40.09999847
Laos,2017,64.40000153
Latin America and Caribbean,1990,74.4119873
Latin America and Caribbean,2000,87.21200562
Latin America and Caribbean,2010,91.62785339
Latin America and Caribbean,2018,93.8387146
Latvia,1989,100
Latvia,1990,100
Latvia,1991,100
Latvia,1992,100
Latvia,1993,100
Latvia,1994,100
Latvia,1995,100
Latvia,1996,100
Latvia,1997,100
Latvia,1998,100
Latvia,1999,100
Latvia,2000,100
Latvia,2001,99
Latvia,2002,100
Latvia,2003,99
Latvia,2004,100
Latvia,2005,100
Latvia,2006,100
Latvia,2007,99.40000153
Latvia,2008,99.09999847
Latvia,2009,98.90000153
Latvia,2010,98.80000305
Latvia,2011,98.59999847
Latvia,2012,98.59999847
Latvia,2013,98.40000153
Latvia,2014,98.09999847
Latvia,2015,99.90000153
Latvia,2016,99.90000153
Latvia,2017,99.90000153
Lebanon,1996,89
Lebanon,2000,99.90000153
Lebanon,2004,98.19999695
Lesotho,1993,60.90000153
Lesotho,1994,37.59999847
Lesotho,2000,48.09999847
Lesotho,2004,55.40000153
Lesotho,2005,55.40000153
Lesotho,2009,61.5
Lesotho,2014,77.90000153
Lesotho,2018,86.59999847
Liberia,1986,57.90000153
Liberia,2000,50.90000153
Liberia,2007,46.29999924
Liberia,2013,61.09999847
Liberia,2020,84.40000153
Libya,1995,94.40000153
Libya,1999,99
Libya,2007,98.30000305
Libya,2008,99.80000305
Libya,2010,99.90000153
Libya,2011,99.90000153
Libya,2012,99.90000153
Libya,2013,99.90000153
Lithuania,1989,100
Lithuania,1990,100
Lithuania,1991,100
Lithuania,1992,100
Lithuania,1993,100
Lithuania,1994,100
Lithuania,1995,100
Lithuania,1996,100
Lithuania,1997,100
Lithuania,1998,100
Lithuania,1999,100
Lithuania,2000,100
Lithuania,2001,100
Lithuania,2002,100
Lithuania,2003,100
Lithuania,2004,100
Lithuania,2005,100
Lithuania,2006,100
Lithuania,2007,100
Lithuania,2008,100
Lithuania,2009,100
Lithuania,2010,100
Lithuania,2011,100
Lithuania,2012,100
Lithuania,2013,100
Lithuania,2014,100
Low and middle income,2000,58.70584488
Low and middle income,2010,67.2791214
Low and middle income,2018,79.25682831
Low income,2000,32.02044296
Low income,2010,48.08481979
Low income,2018,62.39362335
Lower middle income,2000,45.84750748
Lower middle income,2010,57.95707703
Lower middle income,2018,75.16336823
Luxembourg,1986,100
Luxembourg,2002,99.90000153
Luxembourg,2003,99.90000153
Luxembourg,2009,99.90000153
Macao,2004,100
Madagascar,1992,57
Madagascar,1997,47.29999924
Madagascar,2000,47
Madagascar,2004,51.29999924
Madagascar,2009,43.90000153
Madagascar,2013,44.29999924
Madagascar,2018,46
Malawi,1992,54.79999924
Malawi,2000,55.59999847
Malawi,2002,60.5
Malawi,2004,56.09999847
Malawi,2005,56.09999847
Malawi,2006,53.59999847
Malawi,2008,68
Malawi,2010,71.40000153
Malawi,2014,87.40000153
Malawi,2016,89.80000305
Malaysia,1990,92.80000305
Malaysia,1995,95.09999847
Malaysia,1998,96.19999695
Malaysia,2000,96.59999847
Malaysia,2001,96.80000305
Malaysia,2002,97
Malaysia,2003,97.59999847
Malaysia,2004,98
Malaysia,2005,98.09999847
Malaysia,2006,98.40000153
Malaysia,2007,98.59999847
Malaysia,2008,98.59999847
Malaysia,2009,98.59999847
Malaysia,2010,98.59999847
Malaysia,2011,98.59999847
Malaysia,2012,98.69999695
Malaysia,2013,98.80000305
Malaysia,2014,98.97000122
Malaysia,2015,99.40000153
Malaysia,2016,99.5
Malaysia,2017,99.59999847
Maldives,1994,90
Maldives,2001,70.30000305
Maldives,2004,84
Maldives,2005,91.59999847
Maldives,2006,94.19999695
Maldives,2007,96.30000305
Maldives,2008,98.30000305
Maldives,2009,94.80000305
Maldives,2010,98.19999695
Maldives,2011,98.80000305
Maldives,2012,95.5
Maldives,2013,95.59999847
Maldives,2014,95.59999847
Maldives,2017,99.5
Mali,1987,26.20000076
Mali,1996,40
Mali,2001,40.59999847
Mali,2006,49
Mali,2010,28.10000038
Mali,2013,58.59999847
Mali,2015,43.70000076
Mali,2018,67.30000305
Malta,1993,98
Malta,2001,99.90000153
Malta,2002,99.5
Malta,2003,99.5
Malta,2004,99.90000153
Malta,2005,99.69999695
Malta,2006,98.80000305
Malta,2007,99.80000305
Malta,2008,99.90000153
Malta,2009,99.80000305
Malta,2010,99.80000305
Malta,2011,99.80000305
Malta,2012,99.5
Malta,2013,99.90000153
Malta,2014,99.90000153
Malta,2015,99.80000305
Malta,2016,99.80000305
Malta,2017,99.69999695
Marshall Islands,1998,94.90000153
Marshall Islands,2002,95
Marshall Islands,2007,86.19999695
Marshall Islands,2009,86.5
Marshall Islands,2010,90
Marshall Islands,2011,90.09999847
Marshall Islands,2017,92.40000153
Mauritania,1991,40
Mauritania,2001,53.40000153
Mauritania,2007,57.09999847
Mauritania,2011,65.09999847
Mauritania,2015,69.30000305
Mauritius,1990,91.09999847
Mauritius,1991,94.5
Mauritius,1992,96.5
Mauritius,1993,96.30000305
Mauritius,1994,97.69999695
Mauritius,1995,98.09999847
Mauritius,1996,97.5
Mauritius,1997,97.80000305
Mauritius,1998,98.5
Mauritius,1999,99.80000305
Mauritius,2000,99.69999695
Mauritius,2003,98.40000153
Mauritius,2005,99.19999695
Mauritius,2008,99.5
Mauritius,2009,99.40000153
Mauritius,2010,99.5
Mauritius,2012,99.5
Mauritius,2014,99.80000305
Mauritius,2015,99.80000305
Mauritius,2016,99.80000305
Mauritius,2017,99.80000305
Mexico,1987,69.40000153
Mexico,1990,83.80000305
Mexico,1997,85.69999695
Mexico,2000,88.59999847
Mexico,2003,95
Mexico,2006,93.40000153
Mexico,2007,93.69999695
Mexico,2009,95.30000305
Mexico,2010,94.08000183
Mexico,2012,99.59999847
Mexico,2014,95.59999847
Mexico,2015,97.69999695
Mexico,2016,96.40000153
Micronesia (country),1998,88
Micronesia (country),1999,83.80000305
Micronesia (country),2000,82.80000305
Micronesia (country),2001,85.69999695
Micronesia (country),2002,81.59999847
Micronesia (country),2003,84.59999847
Micronesia (country),2005,82.69999695
Micronesia (country),2006,85.30000305
Micronesia (country),2008,90
Micronesia (country),2009,100
Middle East and North Africa,2000,78.40010834
Middle East and North Africa,2010,82.82252502
Middle East and North Africa,2018,94.80534363
Middle income,2000,62.15742493
Middle income,2010,70.93964386
Middle income,2018,82.48730469
Moldova,1989,100
Moldova,1990,100
Moldova,1991,100
Moldova,1992,100
Moldova,1993,100
Moldova,1994,100
Moldova,1995,100
Moldova,1996,100
Moldova,1997,99.09999847
Moldova,1998,98
Moldova,1999,98
Moldova,2000,98
Moldova,2001,99
Moldova,2002,99.59999847
Moldova,2003,99.40000153
Moldova,2004,99.30000305
Moldova,2005,99.5
Moldova,2006,99.59999847
Moldova,2007,99.59999847
Moldova,2008,99.5
Moldova,2009,99.69999695
Moldova,2010,99.19999695
Moldova,2011,99.40000153
Moldova,2012,99.19999695
Moldova,2013,99.80000305
Moldova,2014,99.69999695
Moldova,2015,99.69999695
Moldova,2016,99.69999695
Moldova,2017,99.69999695
Moldova,2018,99.69999695
Mongolia,1998,97.09999847
Mongolia,2000,96.59999847
Mongolia,2003,98.59999847
Mongolia,2004,99.69999695
Mongolia,2005,99.19999695
Mongolia,2008,99.40000153
Mongolia,2010,98.80000305
Mongolia,2013,98.90000153
Mongolia,2014,98.90000153
Mongolia,2018,99.30000305
Montenegro,2000,99.09999847
Montenegro,2001,96.59999847
Montenegro,2002,98
Montenegro,2003,98.90000153
Montenegro,2004,98.30000305
Montenegro,2005,99
Montenegro,2006,87.19999695
Montenegro,2007,99.69999695
Montenegro,2008,99.90000153
Montenegro,2009,99.5
Montenegro,2013,99
Montenegro,2018,98.80000305
Morocco,1984,24
Morocco,1987,26
Morocco,1992,31
Morocco,1995,39.59999847
Morocco,1997,45.59999847
Morocco,2004,62.59999847
Morocco,2010,74.09999847
Morocco,2011,73.59999847
Morocco,2018,86.59999847
Mozambique,1997,44.20000076
Mozambique,2003,47.70000076
Mozambique,2008,55.29999924
Mozambique,2011,54.29999924
Mozambique,2015,73
Myanmar,1991,46.29999924
Myanmar,1997,56.40000153
Myanmar,2001,57
Myanmar,2003,67.5
Myanmar,2007,63.90000153
Myanmar,2010,70.59999847
Myanmar,2016,60.20000076
Namibia,1992,68.19999695
Namibia,2000,75.5
Namibia,2007,81.40000153
Namibia,2013,88.19999695
Nauru,2007,97.40000153
Nepal,1991,7.400000095
Nepal,1996,9
Nepal,2000,11.89999962
Nepal,2001,10.89999962
Nepal,2004,15.80000019
Nepal,2006,18.70000076
Nepal,2011,36
Nepal,2014,55.59999847
Nepal,2016,58
Nepal,2017,58
Netherlands,1998,100
Netherlands,2003,100
New Zealand,1994,95
New Zealand,1995,100
New Zealand,1999,92
New Zealand,2000,97.30000305
New Zealand,2001,96.59999847
New Zealand,2002,99.19999695
New Zealand,2003,98.19999695
New Zealand,2004,94
New Zealand,2005,96.59999847
New Zealand,2006,96.80000305
New Zealand,2007,96.69999695
New Zealand,2008,96.69999695
New Zealand,2009,96.69999695
New Zealand,2010,96.69999695
New Zealand,2011,96.69999695
New Zealand,2012,96.90000153
New Zealand,2013,96.59999847
New Zealand,2014,96.59999847
New Zealand,2015,96.30000305
New Zealand,2017,96.59999847
Nicaragua,1993,61
Nicaragua,1998,64.59999847
Nicaragua,2001,66.90000153
Nicaragua,2007,73.69999695
Nicaragua,2010,74
Nicaragua,2011,74
Nicaragua,2012,88
Nicaragua,2013,93.80000305
Nicaragua,2014,95
Nicaragua,2015,95
Nicaragua,2016,95
Nicaragua,2017,96
Niger,1992,14.89999962
Niger,1998,17.60000038
Niger,2000,15.69999981
Niger,2006,17.70000076
Niger,2012,29.29999924
Niger,2015,39.70000076
Niger,2016,39.09999847
Nigeria,1990,30.79999924
Nigeria,1999,41.59999847
Nigeria,2003,35.20000076
Nigeria,2008,34.40000153
Nigeria,2011,47.29999924
Nigeria,2013,35.20000076
Nigeria,2017,43
Nigeria,2018,43.29999924
North America,1990,99.19094086
North America,2000,99.39252472
North America,2010,99.32276917
North America,2018,99.00114441
North Korea,2000,96.69999695
North Korea,2004,97.09999847
North Korea,2009,100
North Korea,2017,99.5
North Macedonia,1989,87.80000305
North Macedonia,1990,88.90000153
North Macedonia,1991,89.30000305
North Macedonia,1992,90.90000153
North Macedonia,1993,93.30000305
North Macedonia,1994,93.40000153
North Macedonia,1995,94.09999847
North Macedonia,1996,95
North Macedonia,1997,95.59999847
North Macedonia,1998,96.59999847
North Macedonia,1999,97
North Macedonia,2000,97.69999695
North Macedonia,2001,97.59999847
North Macedonia,2002,98.19999695
North Macedonia,2003,99
North Macedonia,2004,99
North Macedonia,2005,99.09999847
North Macedonia,2006,97.80000305
North Macedonia,2007,99.59999847
North Macedonia,2008,99.69999695
North Macedonia,2009,99.80000305
North Macedonia,2010,99.90000153
North Macedonia,2011,89.09999847
North Macedonia,2012,99.90000153
North Macedonia,2013,99.90000153
North Macedonia,2014,99.90000153
North Macedonia,2015,99.90000153
North Macedonia,2016,99.90000153
North Macedonia,2017,99.90000153
North Macedonia,2018,99.90000153
Northern Mariana Islands,2000,99.59999847
Norway,1988,100
Norway,1990,99.40000153
Norway,1991,99.30000305
Norway,1992,99.30000305
Norway,1993,99.40000153
Norway,1994,99.30000305
Norway,1995,99.19999695
Norway,1996,99.19999695
Norway,1997,99.09999847
Norway,1998,99.09999847
Norway,1999,99.09999847
Norway,2000,99
Norway,2001,99.09999847
Norway,2002,99.09999847
Norway,2003,99
Norway,2004,99.09999847
Norway,2005,99.19999695
Norway,2006,99.19999695
Norway,2007,99.09999847
Norway,2008,99.19999695
Norway,2009,99.19999695
Norway,2010,99.09999847
Norway,2011,99.19999695
Norway,2012,99.19999695
Norway,2013,99.09999847
Norway,2014,99.09999847
Norway,2015,99.09999847
Norway,2016,99.09999847
Norway,2017,99.19999695
Norway,2018,99.19999695
Oman,1987,87
Oman,1995,91.09999847
Oman,2000,94.69999695
Oman,2005,98
Oman,2006,98
Oman,2007,99
Oman,2008,98.59999847
Oman,2009,98.59999847
Oman,2010,98.59999847
Oman,2011,98.59999847
Oman,2012,98.59999847
Oman,2013,98.59999847
Oman,2014,99.09999847
Oman,2015,98.65000153
Oman,2016,98.68000031
Oman,2017,98.68000031
Oman,2018,98.59999847
Pakistan,1991,18.79999924
Pakistan,1997,18
Pakistan,1999,18
Pakistan,2001,23
Pakistan,2002,23
Pakistan,2005,31
Pakistan,2006,56
Pakistan,2007,38.79999924
Pakistan,2008,38
Pakistan,2009,41
Pakistan,2011,43
Pakistan,2012,51
Pakistan,2013,52.09999847
Pakistan,2018,69.30000305
Palau,1990,100
Palau,1995,100
Palau,1998,100
Palau,2000,100
Palau,2002,100
Palau,2006,100
Palau,2007,100
Palau,2008,100
Palau,2009,99.30000305
Palau,2010,99.59999847
Palau,2011,100
Palau,2012,97.40000153
Palau,2013,99.09999847
Palau,2014,100
Palau,2015,100
Palau,2016,100
Palau,2017,100
Palau,2018,100
Palestine,1996,94.90000153
Palestine,2000,97.40000153
Palestine,2004,98.30000305
Palestine,2005,97
Palestine,2006,96.59999847
Palestine,2010,99
Palestine,2014,99.59999847
Panama,1992,85.80000305
Panama,1993,86.90000153
Panama,1994,88
Panama,1995,88.30000305
Panama,1996,89.90000153
Panama,1997,89.5
Panama,1998,90
Panama,1999,90.09999847
Panama,2000,90.5
Panama,2001,92.09999847
Panama,2002,94.19999695
Panama,2003,92.5
Panama,2004,91.30000305
Panama,2005,91.09999847
Panama,2006,91
Panama,2007,91.5
Panama,2008,91.80000305
Panama,2009,88.59999847
Panama,2010,92.69999695
Panama,2011,93.5
Panama,2012,94.30000305
Panama,2013,91.40000153
Panama,2014,93.90000153
Panama,2015,95
Panama,2016,94.59999847
Panama,2017,94.19999695
Panama,2018,92.90000153
Papua New Guinea,1995,42
Papua New Guinea,1996,51.29999924
Papua New Guinea,2000,41
Papua New Guinea,2001,39
Papua New Guinea,2004,39
Papua New Guinea,2006,53
Papua New Guinea,2018,56.40000153
Paraguay,1990,66
Paraguay,1996,60.79999924
Paraguay,1998,60.79999924
Paraguay,1999,85.59999847
Paraguay,2002,85.80000305
Paraguay,2003,86.30000305
Paraguay,2004,77.19999695
Paraguay,2005,87.5
Paraguay,2006,90.5
Paraguay,2008,87.19999695
Paraguay,2009,93.80000305
Paraguay,2010,95.59999847
Paraguay,2011,96.30000305
Paraguay,2012,95.69999695
Paraguay,2014,96.40000153
Paraguay,2015,96.30000305
Paraguay,2016,95.5
Paraguay,2017,97.30000305
Paraguay,2018,97.69999695
Peru,1986,49
Peru,1992,52.5
Peru,1996,56.40000153
Peru,2000,59.29999924
Peru,2004,71.09999847
Peru,2006,71
Peru,2008,79.40000153
Peru,2009,82.5
Peru,2010,83.80000305
Peru,2011,85
Peru,2012,86.69999695
Peru,2013,89.09999847
Peru,2014,90
Peru,2015,91.59999847
Peru,2016,92.40000153
Peru,2017,93.59999847
Peru,2018,93.09999847
Peru,2019,92.09999847
Philippines,1993,52.79999924
Philippines,1998,56.40000153
Philippines,1999,58
Philippines,2000,58
Philippines,2003,59.79999924
Philippines,2008,62.20000076
Philippines,2011,72.19999695
Philippines,2013,72.80000305
Philippines,2017,84.40000153
Poland,1986,99
Poland,1989,99.59999847
Poland,1990,97.80000305
Poland,1991,99.59999847
Poland,1992,99.59999847
Poland,1993,99.59999847
Poland,1994,99.59999847
Poland,1995,99.59999847
Poland,1996,99.69999695
Poland,1997,99.69999695
Poland,1998,99.69999695
Poland,1999,99.69999695
Poland,2000,99.40000153
Poland,2001,99.80000305
Poland,2002,99.80000305
Poland,2003,99.80000305
Poland,2004,99.80000305
Poland,2005,99.30000305
Poland,2006,99.40000153
Poland,2007,99.40000153
Poland,2008,99.40000153
Poland,2009,99.69999695
Poland,2010,99.80000305
Poland,2011,99.80000305
Poland,2012,99.80000305
Poland,2013,99.80000305
Poland,2014,99.80000305
Poland,2015,99.80000305
Poland,2016,99.80000305
Poland,2017,99.80000305
Poland,2018,99.80000305
Portugal,1989,98
Portugal,1998,99.69999695
Portugal,2000,99.69999695
Portugal,2001,99.90000153
Portugal,2013,99
Portugal,2014,98.90000153
Portugal,2015,98.90000153
Portugal,2016,98.80000305
Portugal,2017,98.80000305
Portugal,2018,98.69999695
Puerto Rico,2004,99.80000305
Qatar,1990,100
Qatar,1991,100
Qatar,1992,100
Qatar,1993,100
Qatar,1995,100
Qatar,1996,100
Qatar,1997,100
Qatar,1998,98
Qatar,1999,100
Qatar,2000,100
Qatar,2001,100
Qatar,2002,100
Qatar,2003,100
Qatar,2004,100
Qatar,2005,100
Qatar,2006,100
Qatar,2007,100
Qatar,2008,100
Qatar,2009,100
Qatar,2010,100
Qatar,2011,100
Qatar,2012,100
Qatar,2014,99.90000153
Qatar,2015,99.90000153
Qatar,2016,100
Qatar,2017,100
Romania,1989,99.90000153
Romania,1990,99.80000305
Romania,1991,99.90000153
Romania,1992,99.69999695
Romania,1993,98.90000153
Romania,1994,99
Romania,1995,99.09999847
Romania,1996,99
Romania,1997,98.30000305
Romania,1998,99
Romania,1999,98
Romania,2000,99
Romania,2001,99
Romania,2002,99.09999847
Romania,2003,99.19999695
Romania,2004,98.90000153
Romania,2005,98.09999847
Romania,2006,98.19999695
Romania,2007,98.80000305
Romania,2008,99.40000153
Romania,2009,99.5
Romania,2010,99.5
Romania,2011,99.40000153
Romania,2012,99.5
Romania,2013,98.5
Romania,2014,98.5
Romania,2015,94.59999847
Romania,2016,95.30000305
Romania,2017,95.59999847
Romania,2018,97.09999847
Russia,1989,99.19999695
Russia,1990,99.19999695
Russia,1991,99.19999695
Russia,1992,99.09999847
Russia,1993,99.09999847
Russia,1994,99.09999847
Russia,1995,99.09999847
Russia,1996,99.09999847
Russia,1997,99.09999847
Russia,1998,99.09999847
Russia,1999,99.09999847
Russia,2000,99.19999695
Russia,2001,99.30000305
Russia,2002,99.30000305
Russia,2003,99.40000153
Russia,2004,99.40000153
Russia,2005,99.40000153
Russia,2006,99.5
Russia,2007,99.59999847
Russia,2008,99.59999847
Russia,2009,99.69999695
Russia,2010,99.69999695
Russia,2011,98.69999695
Russia,2012,99.69999695
Russia,2013,99.69999695
Russia,2014,99.69999695
Rwanda,1992,25.79999924
Rwanda,2000,21.89999962
Rwanda,2005,38.59999847
Rwanda,2008,52.09999847
Rwanda,2010,69
Rwanda,2011,69
Rwanda,2015,90.69999695
Saint Kitts and Nevis,1995,100
Saint Kitts and Nevis,1998,99.40000153
Saint Kitts and Nevis,2000,99.40000153
Saint Kitts and Nevis,2002,99.5
Saint Kitts and Nevis,2004,100
Saint Kitts and Nevis,2005,100
Saint Kitts and Nevis,2007,100
Saint Kitts and Nevis,2008,100
Saint Kitts and Nevis,2009,100
Saint Kitts and Nevis,2010,100
Saint Kitts and Nevis,2011,100
Saint Kitts and Nevis,2012,100
Saint Kitts and Nevis,2013,100
Saint Kitts and Nevis,2014,100
Saint Kitts and Nevis,2015,100
Saint Lucia,1995,100
Saint Lucia,1997,99.69999695
Saint Lucia,2000,100
Saint Lucia,2002,98
Saint Lucia,2003,99
Saint Lucia,2004,100
Saint Lucia,2005,100
Saint Lucia,2006,97.90000153
Saint Lucia,2007,100
Saint Lucia,2008,100
Saint Lucia,2010,98.5
Saint Lucia,2012,98.69999695
Saint Lucia,2014,99.09999847
Saint Lucia,2015,99.09999847
Saint Lucia,2017,100
Saint Vincent and the Grenadines,1995,100
Saint Vincent and the Grenadines,1998,98
Saint Vincent and the Grenadines,1999,99.30000305
Saint Vincent and the Grenadines,2000,100
Saint Vincent and the Grenadines,2001,100
Saint Vincent and the Grenadines,2002,100
Saint Vincent and the Grenadines,2004,100
Saint Vincent and the Grenadines,2005,100
Saint Vincent and the Grenadines,2007,100
Saint Vincent and the Grenadines,2008,99.19999695
Saint Vincent and the Grenadines,2009,98.90000153
Saint Vincent and the Grenadines,2010,98.30000305
Saint Vincent and the Grenadines,2011,98.80000305
Saint Vincent and the Grenadines,2012,99.19999695
Saint Vincent and the Grenadines,2013,99
Saint Vincent and the Grenadines,2014,99.90000153
Saint Vincent and the Grenadines,2015,98.69999695
Saint Vincent and the Grenadines,2016,98.59999847
Samoa,1990,76
Samoa,1998,100
Samoa,2000,80
Samoa,2004,100
Samoa,2009,80.80000305
Samoa,2014,82.5
Sao Tome and Principe,2000,78.59999847
Sao Tome and Principe,2003,76.40000153
Sao Tome and Principe,2006,80.69999695
Sao Tome and Principe,2009,81.69999695
Sao Tome and Principe,2014,92.5
Saudi Arabia,1990,88
Saudi Arabia,1995,91.40000153
Saudi Arabia,1996,91.40000153
Saudi Arabia,2000,91
Saudi Arabia,2004,96
Saudi Arabia,2005,96
Saudi Arabia,2006,96
Saudi Arabia,2007,97
Saudi Arabia,2008,97
Saudi Arabia,2009,97
Saudi Arabia,2010,97
Saudi Arabia,2013,98
Saudi Arabia,2017,99.69999695
Saudi Arabia,2018,99.40000153
Senegal,1986,22
Senegal,1993,47.20000076
Senegal,1997,46.59999847
Senegal,1999,48.29999924
Senegal,2000,57.79999924
Senegal,2002,58
Senegal,2004,58
Senegal,2005,51.90000153
Senegal,2011,65.09999847
Senegal,2013,50.5
Senegal,2014,59.09999847
Senegal,2015,53.20000076
Senegal,2016,58.59999847
Senegal,2017,68.40000153
Senegal,2018,74.19999695
Senegal,2019,74.5
Serbia,1995,98.69999695
Serbia,1996,98.80000305
Serbia,2000,98
Serbia,2001,98.19999695
Serbia,2002,99.19999695
Serbia,2003,98.5
Serbia,2004,98.69999695
Serbia,2005,99.69999695
Serbia,2006,88.90000153
Serbia,2007,99.80000305
Serbia,2008,99.69999695
Serbia,2009,99.80000305
Serbia,2010,99.69999695
Serbia,2011,99
Serbia,2012,99
Serbia,2013,99.90000153
Serbia,2014,98.40000153
Seychelles,1990,98
Seychelles,1995,99
Seychelles,2000,99
Seychelles,2005,99
Seychelles,2006,99
Seychelles,2007,100
Seychelles,2008,100
Seychelles,2009,99
Seychelles,2010,99
Seychelles,2011,99
Seychelles,2012,99
Sierra Leone,2000,37.09999847
Sierra Leone,2005,40
Sierra Leone,2008,42.40000153
Sierra Leone,2010,60.79999924
Sierra Leone,2013,59.70000076
Sierra Leone,2017,81.59999847
Sierra Leone,2019,86.90000153
Singapore,1996,99.69999695
Singapore,1997,99.69999695
Singapore,1998,99.69999695
Singapore,1999,99.69999695
Singapore,2000,99.69999695
Singapore,2001,99.59999847
Singapore,2002,99.69999695
Singapore,2003,99.69999695
Singapore,2004,99.69999695
Singapore,2005,99.69999695
Singapore,2006,99.69999695
Singapore,2007,99.69999695
Singapore,2008,99.80000305
Singapore,2009,99.69999695
Singapore,2010,99.69999695
Singapore,2011,99.69999695
Singapore,2012,99.69999695
Singapore,2013,99.59999847
Singapore,2014,99.69999695
Singapore,2015,99.59999847
Singapore,2016,99.59999847
Singapore,2017,99.5
Singapore,2018,99.5
Slovakia,1989,100
Slovakia,1990,100
Slovakia,1991,100
Slovakia,1992,100
Slovakia,1993,100
Slovakia,1994,100
Slovakia,1995,100
Slovakia,1996,100
Slovakia,1997,100
Slovakia,1998,100
Slovakia,1999,100
Slovakia,2000,100
Slovakia,2001,99.43000031
Slovakia,2002,99.43000031
Slovakia,2003,99.45999908
Slovakia,2004,99.51000214
Slovakia,2005,99.51000214
Slovakia,2006,99.51999664
Slovakia,2007,99.22000122
Slovakia,2008,99.51000214
Slovakia,2009,99.51999664
Slovakia,2010,99.20999908
Slovakia,2011,99
Slovakia,2012,99.5
Slovakia,2013,98.59999847
Slovakia,2014,98.30000305
Slovakia,2015,97
Slovakia,2016,98.09999847
Slovakia,2017,98.80000305
Slovakia,2018,98
Slovenia,1989,99.59999847
Slovenia,1990,99.90000153
Slovenia,1991,99.90000153
Slovenia,1992,99.90000153
Slovenia,1993,99.90000153
Slovenia,1994,99.90000153
Slovenia,1995,99.90000153
Slovenia,1996,99.90000153
Slovenia,1997,99.90000153
Slovenia,1998,99.80000305
Slovenia,1999,99.90000153
Slovenia,2000,99.90000153
Slovenia,2001,99.90000153
Slovenia,2002,99.90000153
Slovenia,2003,99.90000153
Slovenia,2004,99.90000153
Slovenia,2005,99.90000153
Slovenia,2006,99.90000153
Slovenia,2007,99.90000153
Slovenia,2008,99.90000153
Slovenia,2009,99.90000153
Slovenia,2010,99.90000153
Slovenia,2011,99.90000153
Slovenia,2012,99.80000305
Solomon Islands,1990,85
Solomon Islands,1994,83.5
Solomon Islands,1999,85
Solomon Islands,2007,85.5
Solomon Islands,2015,86.19999695
Somalia,1999,19.29999924
Somalia,2000,19.29999924
Somalia,2002,24.79999924
Somalia,2006,9.399999619
South Africa,1994,82
South Africa,1995,82
South Africa,1998,84.40000153
South Africa,2003,91.19999695
South Africa,2004,91.19999695
South Africa,2008,94.30000305
South Africa,2016,96.69999695
South Asia,2000,36.3205986
South Asia,2010,47.87355804
South Asia,2018,75.98745728
South Korea,1990,98
South Korea,1991,97.90000153
South Korea,1994,98.40000153
South Korea,1997,99.59999847
South Korea,2000,99.90000153
South Korea,2003,99.90000153
South Korea,2009,99.90000153
South Korea,2012,99.80000305
South Korea,2015,100
South Sudan,2006,9.699999809
South Sudan,2010,19.39999962
Sri Lanka,1987,87.19999695
Sri Lanka,1993,94.09999847
Sri Lanka,2000,96
Sri Lanka,2007,98.59999847
Sri Lanka,2014,99.94999695
Sri Lanka,2016,99.5
Sub-Saharan Africa,2000,40.98468018
Sub-Saharan Africa,2010,51.38328934
Sub-Saharan Africa,2018,60.95473862
Sudan,1990,68.5
Sudan,2006,49.20000076
Sudan,2010,72.5
Sudan,2014,77.69999695
Suriname,1995,80
Suriname,2000,70.90000153
Suriname,2002,90
Suriname,2004,90
Suriname,2006,86.5
Suriname,2007,90
Suriname,2008,90
Suriname,2009,90
Suriname,2010,90
Suriname,2015,90
Suriname,2018,98.40000153
Sweden,1987,100
Switzerland,2006,100
Syria,1993,76.90000153
Syria,2004,89.69999695
Syria,2006,91.5
Syria,2009,96.19999695
Tajikistan,1989,93.59999847
Tajikistan,1991,90.30000305
Tajikistan,1994,82.59999847
Tajikistan,1995,80.90000153
Tajikistan,1996,79
Tajikistan,1997,72.59999847
Tajikistan,1998,74.09999847
Tajikistan,1999,66.59999847
Tajikistan,2000,70.69999695
Tajikistan,2001,81.09999847
Tajikistan,2002,88.69999695
Tajikistan,2003,88.09999847
Tajikistan,2004,75.09999847
Tajikistan,2005,82.40000153
Tajikistan,2006,78.30000305
Tajikistan,2007,88.40000153
Tajikistan,2008,85
Tajikistan,2009,87.09999847
Tajikistan,2010,87.69999695
Tajikistan,2011,89
Tajikistan,2012,87.40000153
Tajikistan,2013,90.80000305
Tajikistan,2014,90.30000305
Tajikistan,2015,98
Tajikistan,2017,94.80000305
Tanzania,1992,43.90000153
Tanzania,1996,38.20000076
Tanzania,1999,35.79999924
Tanzania,2004,43.40000153
Tanzania,2005,45.09999847
Tanzania,2010,48.90000153
Tanzania,2012,61.40000153
Tanzania,2016,63.5
Thailand,1987,65.90000153
Thailand,2000,99.30000305
Thailand,2006,96.90000153
Thailand,2009,99.40000153
Thailand,2012,99.59999847
Thailand,2013,99.59999847
Thailand,2016,99.09999847
Timor,1997,25.79999924
Timor,2002,24
Timor,2003,18.39999962
Timor,2010,29.29999924
Timor,2016,56.70000076
Togo,1988,45.70000076
Togo,1998,50.5
Togo,2000,35.40000153
Togo,2003,60.79999924
Togo,2006,52.40000153
Togo,2010,43.90000153
Togo,2014,44.59999847
Togo,2017,69.40000153
Tonga,1990,94
Tonga,1991,92
Tonga,1999,96
Tonga,2000,95
Tonga,2001,95.30000305
Tonga,2002,95.09999847
Tonga,2003,97
Tonga,2004,98
Tonga,2005,96.09999847
Tonga,2006,98
Tonga,2007,98
Tonga,2008,97
Tonga,2009,98.09999847
Tonga,2010,99
Tonga,2012,95.5
Trinidad and Tobago,1987,97.69999695
Trinidad and Tobago,1993,98.30000305
Trinidad and Tobago,1994,98
Trinidad and Tobago,1995,97.5
Trinidad and Tobago,1996,98
Trinidad and Tobago,1997,98.40000153
Trinidad and Tobago,1998,98.19999695
Trinidad and Tobago,1999,98.40000153
Trinidad and Tobago,2000,96
Trinidad and Tobago,2001,99.19999695
Trinidad and Tobago,2002,98.69999695
Trinidad and Tobago,2003,99.19999695
Trinidad and Tobago,2004,99
Trinidad and Tobago,2006,96.90000153
Trinidad and Tobago,2008,99.5
Trinidad and Tobago,2011,98
Trinidad and Tobago,2012,100
Trinidad and Tobago,2013,100
Trinidad and Tobago,2014,100
Trinidad and Tobago,2015,99.90000153
Trinidad and Tobago,2016,100
Trinidad and Tobago,2017,100
Tunisia,1988,69
Tunisia,1995,81
Tunisia,2000,89.90000153
Tunisia,2001,89.90000153
Tunisia,2006,94.59999847
Tunisia,2012,73.59999847
Tunisia,2018,99.5
Turkey,1993,75.90000153
Turkey,1998,80.59999847
Turkey,2003,83
Turkey,2004,83
Turkey,2007,89.30000305
Turkey,2008,91.30000305
Turkey,2009,95
Turkey,2013,97.40000153
Turkey,2014,97.40000153
Turkey,2015,99
Turkey,2017,98
Turkey,2018,98
Turkmenistan,1996,95.80000305
Turkmenistan,2000,97.19999695
Turkmenistan,2002,97.19999695
Turkmenistan,2003,99.5
Turkmenistan,2004,98.5
Turkmenistan,2005,99.69999695
Turkmenistan,2006,99.5
Turkmenistan,2016,100
Turks and Caicos Islands,1998,100
Turks and Caicos Islands,1999,88.19999695
Turks and Caicos Islands,2004,100
Turks and Caicos Islands,2005,99.09999847
Turks and Caicos Islands,2006,100
Tuvalu,1990,95
Tuvalu,1997,99
Tuvalu,2000,100
Tuvalu,2002,100
Tuvalu,2007,93.09999847
Uganda,1989,38.09999847
Uganda,1995,37.79999924
Uganda,2000,36
Uganda,2001,39
Uganda,2006,41.90000153
Uganda,2011,57.40000153
Uganda,2016,74.19999695
Ukraine,1989,99.90000153
Ukraine,1990,99.90000153
Ukraine,1991,99.90000153
Ukraine,1992,99.90000153
Ukraine,1993,99.90000153
Ukraine,1994,99.87999725
Ukraine,1995,99.88999939
Ukraine,1996,99.90000153
Ukraine,1997,99.90000153
Ukraine,1998,99.90000153
Ukraine,1999,99.09999847
Ukraine,2000,99.90000153
Ukraine,2001,99.90000153
Ukraine,2002,99.90000153
Ukraine,2003,99.90000153
Ukraine,2004,99.90000153
Ukraine,2005,99.80000305
Ukraine,2006,99.90000153
Ukraine,2007,98.69999695
Ukraine,2008,99.90000153
Ukraine,2009,99.90000153
Ukraine,2010,99.90000153
Ukraine,2011,99.90000153
Ukraine,2012,99
Ukraine,2013,99.90000153
Ukraine,2014,99.90000153
United Arab Emirates,1990,99.09999847
United Arab Emirates,1995,99.19999695
United Arab Emirates,2003,100
United Arab Emirates,2004,100
United Arab Emirates,2008,100
United Arab Emirates,2013,99.90000153
United Arab Emirates,2014,99.90000153
United Arab Emirates,2015,99.90000153
United Kingdom,1998,99
United States,1989,99
United States,1990,99.19999695
United States,1991,99.19999695
United States,1992,99.30000305
United States,1993,99.40000153
United States,1994,99.40000153
United States,1995,99.40000153
United States,1996,99.40000153
United States,1997,99.40000153
United States,1998,99.40000153
United States,1999,99.40000153
United States,2000,99.40000153
United States,2001,99.40000153
United States,2002,99.5
United States,2003,99.30000305
United States,2004,99.30000305
United States,2005,99.40000153
United States,2006,99.40000153
United States,2007,99.30000305
United States,2008,99.30000305
United States,2009,99.30000305
United States,2010,99.40000153
United States,2011,99.30000305
United States,2012,99.30000305
United States,2013,99.19999695
United States,2014,98.5
United States,2015,99.09999847
United States,2016,99.09999847
United States,2017,99.09999847
United States,2018,99.09999847
United States Virgin Islands,2002,98.30000305
United States Virgin Islands,2003,98.5
Upper middle income,1990,89.52386475
Upper middle income,2000,93.08889771
Upper middle income,2010,97.19295502
Upper middle income,2018,98.42412567
Uruguay,1990,99.40000153
Uruguay,1991,99.30000305
Uruguay,1992,99
Uruguay,1993,98.30000305
Uruguay,1994,98.19999695
Uruguay,1995,98
Uruguay,1996,98
Uruguay,1997,98.40000153
Uruguay,1998,99
Uruguay,1999,99.80000305
Uruguay,2000,99.69999695
Uruguay,2001,99.59999847
Uruguay,2002,99.69999695
Uruguay,2003,99.69999695
Uruguay,2004,99.5
Uruguay,2005,99.90000153
Uruguay,2006,99.90000153
Uruguay,2007,98.59999847
Uruguay,2008,99.59999847
Uruguay,2009,99.69999695
Uruguay,2010,99.80000305
Uruguay,2011,99.5
Uruguay,2012,99.90000153
Uruguay,2013,98.19999695
Uruguay,2014,99.90000153
Uruguay,2015,99.90000153
Uruguay,2016,100
Uruguay,2017,100
Uzbekistan,1996,97.5
Uzbekistan,1997,100
Uzbekistan,1998,100
Uzbekistan,1999,100
Uzbekistan,2000,94.90000153
Uzbekistan,2001,100
Uzbekistan,2002,100
Uzbekistan,2003,100
Uzbekistan,2004,100
Uzbekistan,2005,100
Uzbekistan,2006,99.59999847
Uzbekistan,2007,100
Uzbekistan,2008,100
Uzbekistan,2009,100
Uzbekistan,2010,100
Uzbekistan,2011,100
Uzbekistan,2012,100
Uzbekistan,2013,100
Uzbekistan,2014,100
Uzbekistan,2015,100
Uzbekistan,2016,100
Uzbekistan,2017,100
Uzbekistan,2018,100
Vanuatu,1990,79
Vanuatu,1994,87
Vanuatu,1995,89.09999847
Vanuatu,1999,88
Vanuatu,2000,88
Vanuatu,2003,84
Vanuatu,2005,92
Vanuatu,2006,92.90000153
Vanuatu,2007,74
Vanuatu,2013,89.40000153
Venezuela,1997,95.30000305
Venezuela,2000,94
Venezuela,2003,95
Venezuela,2011,98.09999847
Venezuela,2012,96
Venezuela,2013,99.19999695
Venezuela,2014,99.5
Venezuela,2015,99.30000305
Venezuela,2016,99.30000305
Venezuela,2017,99.09999847
Vietnam,1997,77.09999847
Vietnam,2000,58.79999924
Vietnam,2002,85
Vietnam,2006,83.80000305
Vietnam,2011,91.90000153
Vietnam,2014,93.80000305
World,2000,62.68813705
World,2010,70.09255981
World,2018,80.88609314
Yemen,1992,15.89999962
Yemen,1997,21.60000038
Yemen,2003,26.79999924
Yemen,2006,35.70000076
Yemen,2012,34.40000153
Yemen,2013,44.70000076
Zambia,1992,50.5
Zambia,1996,46.5
Zambia,1997,46.5
Zambia,1999,45.29999924
Zambia,2002,42.09999847
Zambia,2007,45.20000076
Zambia,2014,63.29999924
Zambia,2018,80.40000153
Zimbabwe,1988,69.59999847
Zimbabwe,1994,69.19999695
Zimbabwe,1999,72.5
Zimbabwe,2006,68.5
Zimbabwe,2009,60.20000076
Zimbabwe,2011,66.19999695
Zimbabwe,2014,80
Zimbabwe,2015,78.09999847
Zimbabwe,2019,86
